1586107300533	0.0	0.00	0	0	2	0
1586107300639	0.106	0.00	0	0	2	0
1586107300752	0.219	0.00	0	0	2	0
1586107300859	0.326	0.00	0	0	0	2
1586107300964	0.431	0.00	0	0	0	2
1586107301082	0.549	0.00	0	0	0	2
1586107301200	0.667	0.00	0	0	0	2
1586107301317	0.784	0.00	0	0	0	2
1586107301434	0.901	0.00	0	0	0	2
1586107301550	1.017	0.00	0	0	0	2
1586107301668	1.135	0.00	0	0	0	2
1586107301782	1.249	0.00	0	0	0	2
1586107301900	1.367	0.00	0	0	0	2
1586107302017	1.484	0.00	0	0	0	2
1586107302135	1.602	0.00	0	0	0	2
1586107302253	1.72	0.00	0	0	0	2
1586107302371	1.838	0.00	0	0	0	2
1586107302489	1.956	0.00	0	0	0	2
1586107302607	2.074	0.00	0	0	0	2
1586107302713	2.18	0.00	0	0	0	2
1586107302830	2.297	0.00	0	0	0	2
1586107302949	2.416	0.00	0	0	0	2
1586107303067	2.534	0.00	0	0	0	2
1586107303184	2.651	0.00	0	0	0	2
1586107303305	2.772	0.00	0	0	0	2
1586107303425	2.892	0.00	0	0	0	2
1586107303546	3.013	0.00	0	0	0	2
1586107303667	3.134	0.00	0	0	0	2
1586107303786	3.253	0.00	0	0	0	2
1586107303906	3.373	0.00	0	0	0	2
1586107304024	3.491	0.00	0	0	0	2
1586107304129	3.596	0.00	0	0	0	2
1586107304247	3.714	0.00	0	0	0	2
1586107304365	3.832	0.00	0	0	0	2
1586107304483	3.95	0.00	0	0	0	2
1586107304601	4.068	0.00	0	0	0	2
1586107304720	4.187	0.00	0	0	0	2
1586107304827	4.294	0.00	0	0	0	2
1586107304944	4.411	0.00	0	0	0	2
1586107305062	4.529	0.00	0	0	0	2
1586107305180	4.647	0.00	0	0	0	2
1586107305285	4.752	0.00	0	0	0	2
1586107305402	4.869	0.00	0	0	0	2
1586107305519	4.986	0.00	0	0	0	2
1586107305637	5.104	0.00	0	0	0	2
1586107305755	5.222	0.00	0	0	0	2
1586107305873	5.34	0.00	0	0	0	2
1586107305991	5.458	0.00	0	0	0	2
1586107306110	5.577	0.00	0	0	0	2
1586107306227	5.694	0.00	0	0	0	2
1586107306345	5.812	0.00	0	0	0	2
1586107306463	5.93	0.00	0	0	0	2
1586107306581	6.048	0.00	0	0	0	2
1586107306687	6.154	0.00	0	0	0	2
1586107306793	6.26	0.00	0	0	0	2
1586107306899	6.366	0.00	0	0	0	2
1586107307016	6.483	0.00	0	0	0	2
1586107307134	6.601	0.00	0	0	0	2
1586107307251	6.718	0.00	0	0	0	2
1586107307371	6.838	0.00	0	0	0	2
1586107307491	6.958	0.00	0	0	0	2
1586107307610	7.077	0.00	0	0	0	2
1586107307729	7.196	0.00	0	0	0	2
1586107307842	7.309	0.00	0	0	0	2
1586107307951	7.418	0.00	0	0	0	2
1586107308070	7.537	0.00	0	0	0	2
1586107308184	7.651	0.00	0	0	0	2
1586107308303	7.77	0.00	0	0	0	2
1586107308419	7.886	0.00	0	0	0	2
1586107308538	8.005	0.00	0	0	0	2
1586107308655	8.122	0.00	0	0	0	2
1586107308761	8.228	0.00	0	0	0	2
1586107308877	8.344	0.00	0	0	0	2
1586107308995	8.462	0.00	0	0	0	2
1586107309113	8.58	0.00	0	0	0	2
1586107309231	8.698	0.00	0	0	0	2
1586107309337	8.804	0.00	0	0	0	2
1586107309455	8.922	0.00	0	0	0	2
1586107309560	9.027	0.00	0	0	0	2
1586107309678	9.145	0.00	0	0	0	2
1586107309796	9.263	0.00	0	0	0	2
1586107309914	9.381	0.00	0	0	0	2
1586107310031	9.498	0.00	0	0	0	2
1586107310149	9.616	0.00	0	0	0	2
1586107310266	9.733	0.00	0	0	0	2
1586107310383	9.85	0.00	0	0	0	2
1586107310501	9.968	0.00	0	0	0	2
1586107310618	10.085	0.00	0	0	0	2
1586107310724	10.191	0.00	0	0	0	2
1586107310842	10.309	0.00	0	0	0	2
1586107310948	10.415	0.00	0	0	0	2
1586107311066	10.533	0.00	0	0	0	2
1586107311183	10.65	0.00	0	0	0	2
1586107311290	10.757	0.00	0	0	0	2
1586107311410	10.877	0.00	0	0	0	2
1586107311529	10.996	0.00	0	0	0	2
1586107311647	11.114	0.00	0	0	0	2
1586107311767	11.234	0.00	0	0	0	2
1586107311889	11.356	0.00	0	0	0	2
1586107312008	11.475	0.00	0	0	0	2
1586107312126	11.593	0.00	0	0	0	2
1586107312246	11.713	0.00	0	0	0	2
1586107312363	11.83	0.00	0	0	0	2
1586107312481	11.948	0.00	0	0	0	2
1586107312599	12.066	0.00	0	0	0	2
1586107312717	12.184	0.00	0	0	0	2
1586107312836	12.303	100.00	0	2	0	2
1586107312942	12.409	100.00	0	2	0	2
1586107313056	12.523	100.00	0	2	0	2
1586107313174	12.641	100.00	0	2	0	2
1586107313292	12.759	100.00	0	2	0	2
1586107313401	12.868	100.00	0	2	0	2
1586107313519	12.986	100.00	0	2	0	2
1586107313636	13.103	100.00	0	2	0	2
1586107313754	13.221	100.00	0	2	0	2
1586107313872	13.339	100.00	0	2	0	2
1586107313984	13.451	100.00	0	2	0	2
1586107314102	13.569	100.00	0	2	0	2
1586107314219	13.686	100.00	0	2	0	2
1586107314336	13.803	100.00	0	2	0	2
1586107314454	13.921	100.00	0	2	0	2
1586107314571	14.038	100.00	0	2	0	2
1586107314689	14.156	100.00	0	2	0	2
1586107314806	14.273	100.00	0	2	0	2
1586107314922	14.389	100.00	0	2	0	2
1586107315039	14.506	100.00	0	2	0	2
1586107315156	14.623	100.00	0	2	0	2
1586107315276	14.743	100.00	0	2	0	2
1586107315397	14.864	100.00	0	2	0	2
1586107315516	14.983	100.00	0	2	0	2
1586107315634	15.101	100.00	0	2	0	2
1586107315754	15.221	100.00	0	2	0	2
1586107315874	15.341	100.00	0	2	0	2
1586107315992	15.459	100.00	0	2	0	2
1586107316111	15.578	100.00	0	2	0	2
1586107316229	15.696	100.00	0	2	0	2
1586107316347	15.814	100.00	0	2	0	2
1586107316465	15.932	100.00	0	2	0	2
1586107316582	16.049	100.00	0	2	0	2
1586107316700	16.167	100.00	0	2	0	2
1586107316811	16.278	100.00	0	2	0	2
1586107316924	16.391	100.00	0	2	0	2
1586107317041	16.508	100.00	0	2	0	2
1586107317158	16.625	100.00	0	2	0	2
1586107317275	16.742	100.00	0	2	0	2
1586107317395	16.862	100.00	0	2	0	2
1586107317512	16.979	100.00	0	2	0	2
1586107317628	17.095	100.00	0	2	0	2
1586107317744	17.211	100.00	0	2	0	2
1586107317860	17.327	100.00	0	2	0	2
1586107317978	17.445	100.00	0	2	0	2
1586107318095	17.562	100.00	0	2	0	2
1586107318213	17.68	100.00	0	2	0	2
1586107318335	17.802	100.00	0	2	0	2
1586107318453	17.92	100.00	0	2	0	2
1586107318572	18.039	100.00	0	2	0	2
1586107318690	18.157	100.00	0	2	0	2
1586107318807	18.274	100.00	0	2	0	2
1586107318925	18.392	100.00	0	2	0	2
1586107319031	18.498	100.00	0	2	0	2
1586107319137	18.604	100.00	0	2	0	2
1586107319254	18.721	100.00	0	2	0	2
1586107319373	18.84	100.00	0	2	0	2
1586107319484	18.951	100.00	0	2	0	2
1586107319605	19.072	100.00	0	2	0	2
1586107319725	19.192	100.00	0	2	0	2
1586107319845	19.312	100.00	0	2	0	2
1586107319962	19.429	100.00	0	2	0	2
1586107320070	19.537	100.00	0	2	0	2
1586107320188	19.655	100.00	0	2	0	2
1586107320306	19.773	100.00	0	2	0	2
1586107320424	19.891	100.00	0	2	0	2
1586107320541	20.008	100.00	0	2	0	2
1586107320659	20.126	100.00	0	2	0	2
1586107320778	20.245	100.00	0	2	0	2
1586107320896	20.363	100.00	0	2	0	2
1586107321016	20.483	100.00	0	2	0	2
1586107321133	20.6	100.00	0	2	0	2
1586107321252	20.719	100.00	0	2	0	2
1586107321370	20.837	100.00	0	2	0	2
1586107321487	20.954	100.00	0	2	0	2
1586107321605	21.072	100.00	0	2	0	2
1586107321723	21.19	100.00	0	2	0	2
1586107321831	21.298	100.00	0	2	0	2
1586107321949	21.416	100.00	0	2	0	2
1586107322066	21.533	100.00	0	2	0	2
1586107322184	21.651	100.00	0	2	0	2
1586107322302	21.769	100.00	0	2	0	2
1586107322419	21.886	100.00	0	2	0	2
1586107322525	21.992	100.00	0	2	0	2
1586107322643	22.11	100.00	0	2	0	2
1586107322760	22.227	100.00	0	2	0	2
1586107322880	22.347	100.00	0	2	0	2
1586107322997	22.464	100.00	0	2	0	2
1586107323102	22.569	100.00	0	2	0	2
1586107323207	22.674	100.00	0	2	0	2
1586107323315	22.782	100.00	0	2	0	2
1586107323435	22.902	100.00	0	2	0	2
1586107323555	23.022	100.00	0	2	0	2
1586107323675	23.142	100.00	0	2	0	2
1586107323795	23.262	100.00	0	2	0	2
1586107323916	23.383	100.00	0	2	0	2
1586107324034	23.501	100.00	0	2	0	2
1586107324152	23.619	100.00	0	2	0	2
1586107324269	23.736	100.00	0	2	0	2
1586107324387	23.854	100.00	0	2	0	2
1586107324504	23.971	100.00	0	2	0	2
1586107324622	24.089	100.00	0	2	0	2
1586107324739	24.206	100.00	0	2	0	2
1586107324857	24.324	0.00	0	0	2	0
1586107324980	24.447	0.00	0	0	2	0
1586107325104	24.571	0.00	0	0	2	0
1586107325229	24.696	0.00	0	0	2	0
1586107325352	24.819	0.00	0	0	2	0
1586107325476	24.943	0.00	0	0	2	0
1586107325600	25.067	0.00	0	0	2	0
1586107325724	25.191	0.00	0	0	2	0
1586107325847	25.314	0.00	0	0	2	0
1586107325971	25.438	0.00	0	0	2	0
1586107326094	25.561	0.00	0	0	2	0
1586107326206	25.673	0.00	0	0	2	0
1586107326330	25.797	0.00	0	0	2	0
1586107326454	25.921	0.00	0	0	2	0
1586107326577	26.044	0.00	0	0	2	0
1586107326701	26.168	0.00	0	0	2	0
1586107326808	26.275	0.00	0	0	2	0
1586107326919	26.386	0.00	0	0	2	0
1586107327040	26.507	0.00	0	0	2	0
1586107327163	26.63	0.00	0	0	2	0
1586107327289	26.756	0.00	0	0	2	0
1586107327416	26.883	0.00	0	0	2	0
1586107327523	26.99	0.00	0	0	2	0
1586107327631	27.098	0.00	0	0	2	0
1586107327757	27.224	0.00	0	0	2	0
1586107327884	27.351	0.00	0	0	0	2
1586107328002	27.469	0.00	0	0	0	2
1586107328121	27.588	0.00	0	0	0	2
1586107328238	27.705	0.00	0	0	0	2
1586107328355	27.822	0.00	0	0	0	2
1586107328461	27.928	0.00	0	0	0	2
1586107328569	28.036	0.00	0	0	0	2
1586107328687	28.154	0.00	0	0	0	2
1586107328792	28.259	0.00	0	0	0	2
1586107328897	28.364	0.00	0	0	0	2
1586107329016	28.483	0.00	0	0	0	2
1586107329134	28.601	0.00	0	0	0	2
1586107329242	28.709	0.00	0	0	0	2
1586107329360	28.827	0.00	0	0	0	2
1586107329477	28.944	0.00	0	0	0	2
1586107329594	29.061	0.00	0	0	0	2
1586107329711	29.178	0.00	0	0	0	2
1586107329829	29.296	0.00	0	0	0	2
1586107329947	29.414	0.00	0	0	0	2
1586107330064	29.531	0.00	0	0	0	2
1586107330183	29.65	0.00	0	0	0	2
1586107330301	29.768	0.00	0	0	0	2
1586107330419	29.886	0.00	0	0	0	2
1586107330536	30.003	0.00	0	0	0	2
1586107330654	30.121	0.00	0	0	0	2
1586107330771	30.238	0.00	0	0	0	2
1586107330889	30.356	0.00	0	0	0	2
1586107331006	30.473	0.00	0	0	0	2
1586107331127	30.594	0.00	0	0	0	2
1586107331243	30.71	0.00	0	0	0	2
1586107331363	30.83	0.00	0	0	0	2
1586107331483	30.95	0.00	0	0	0	2
1586107331602	31.069	0.00	0	0	0	2
1586107331722	31.189	0.00	0	0	0	2
1586107331842	31.309	0.00	0	0	0	2
1586107331959	31.426	0.00	0	0	0	2
1586107332077	31.544	0.00	0	0	0	2
1586107332197	31.664	0.00	0	0	0	2
1586107332305	31.772	0.00	0	0	0	2
1586107332424	31.891	0.00	0	0	0	2
1586107332542	32.009	0.00	0	0	0	2
1586107332659	32.126	0.00	0	0	0	2
1586107332777	32.244	0.00	0	0	0	2
1586107332894	32.361	0.00	0	0	0	2
1586107333013	32.48	0.00	0	0	0	2
1586107333131	32.598	0.00	0	0	0	2
1586107333249	32.716	0.00	0	0	0	2
1586107333366	32.833	0.00	0	0	0	2
1586107333483	32.95	0.00	0	0	0	2
1586107333606	33.073	0.00	0	0	0	2
1586107333723	33.19	0.00	0	0	0	2
1586107333841	33.308	0.00	0	0	0	2
1586107333958	33.425	0.00	0	0	0	2
1586107334076	33.543	0.00	0	0	0	2
1586107334193	33.66	0.00	0	0	0	2
1586107334310	33.777	0.00	0	0	0	2
1586107334427	33.894	0.00	0	0	0	2
1586107334546	34.013	0.00	0	0	0	2
1586107334663	34.13	0.00	0	0	0	2
1586107334781	34.248	0.00	0	0	0	2
1586107334898	34.365	0.00	0	0	0	2
1586107335015	34.482	0.00	0	0	0	2
1586107335133	34.6	0.00	0	0	0	2
1586107335250	34.717	0.00	0	0	0	2
1586107335370	34.837	0.00	0	0	0	2
1586107335490	34.957	0.00	0	0	0	2
1586107335610	35.077	0.00	0	0	0	2
1586107335728	35.195	0.00	0	0	0	2
1586107335848	35.315	0.00	0	0	0	2
1586107335964	35.431	0.00	0	0	0	2
1586107336082	35.549	0.00	0	0	0	2
1586107336200	35.667	0.00	0	0	0	2
1586107336317	35.784	0.00	0	0	0	2
1586107336435	35.902	0.00	0	0	0	2
1586107336552	36.019	0.00	0	0	0	2
1586107336670	36.137	0.00	0	0	0	2
1586107336776	36.243	0.00	0	0	0	2
1586107336882	36.349	0.00	0	0	0	2
1586107336999	36.466	0.00	0	0	0	2
1586107337117	36.584	0.00	0	0	0	2
1586107337235	36.702	0.00	0	0	0	2
1586107337353	36.82	0.00	0	0	0	2
1586107337470	36.937	0.00	0	0	0	2
1586107337587	37.054	0.00	0	0	0	2
1586107337705	37.172	0.00	0	0	0	2
1586107337822	37.289	0.00	0	0	0	2
1586107337940	37.407	0.00	0	0	0	2
1586107338046	37.513	0.00	0	0	0	2
1586107338162	37.629	0.00	0	0	0	2
1586107338279	37.746	0.00	0	0	0	2
1586107338385	37.852	0.00	0	0	0	2
1586107338502	37.969	0.00	0	0	0	2
1586107338621	38.088	0.00	0	0	0	2
1586107338739	38.206	0.00	0	0	0	2
1586107338856	38.323	0.00	0	0	0	2
1586107338974	38.441	0.00	0	0	0	2
1586107339092	38.559	0.00	0	0	0	2
1586107339209	38.676	0.00	0	0	0	2
1586107339329	38.796	0.00	0	0	0	2
1586107339448	38.915	0.00	0	0	0	2
1586107339568	39.035	0.00	0	0	0	2
1586107339687	39.154	0.00	0	0	0	2
1586107339809	39.276	0.00	0	0	0	2
1586107339929	39.396	100.00	0	2	0	2
1586107340045	39.512	100.00	0	2	0	2
1586107340164	39.631	100.00	0	2	0	2
1586107340282	39.749	100.00	0	2	0	2
1586107340399	39.866	100.00	0	2	0	2
1586107340517	39.984	100.00	0	2	0	2
1586107340634	40.101	100.00	0	2	0	2
1586107340752	40.219	100.00	0	2	0	2
1586107340872	40.339	100.00	0	2	0	2
1586107340991	40.458	100.00	0	2	0	2
1586107341105	40.572	100.00	0	2	0	2
1586107341223	40.69	100.00	0	2	0	2
1586107341331	40.798	100.00	0	2	0	2
1586107341438	40.905	100.00	0	2	0	2
1586107341555	41.022	100.00	0	2	0	2
1586107341673	41.14	100.00	0	2	0	2
1586107341791	41.258	100.00	0	2	0	2
1586107341908	41.375	100.00	0	2	0	2
1586107342026	41.493	100.00	0	2	0	2
1586107342143	41.61	100.00	0	2	0	2
1586107342261	41.728	100.00	0	2	0	2
1586107342379	41.846	100.00	0	2	0	2
1586107342497	41.964	100.00	0	2	0	2
1586107342614	42.081	100.00	0	2	0	2
1586107342732	42.199	100.00	0	2	0	2
1586107342849	42.316	100.00	0	2	0	2
1586107342955	42.422	100.00	0	2	0	2
1586107343072	42.539	100.00	0	2	0	2
1586107343189	42.656	100.00	0	2	0	2
1586107343310	42.777	100.00	0	2	0	2
1586107343429	42.896	100.00	0	2	0	2
1586107343549	43.016	100.00	0	2	0	2
1586107343668	43.135	100.00	0	2	0	2
1586107343788	43.255	100.00	0	2	0	2
1586107343911	43.378	100.00	0	2	0	2
1586107344028	43.495	100.00	0	2	0	2
1586107344145	43.612	0.00	0	0	2	0
1586107344269	43.736	0.00	0	0	2	0
1586107344392	43.859	0.00	0	0	2	0
1586107344500	43.967	0.00	0	0	2	0
1586107344624	44.091	0.00	0	0	2	0
1586107344749	44.216	0.00	0	0	2	0
1586107344873	44.34	0.00	0	0	2	0
1586107344996	44.463	0.00	0	0	2	0
1586107345120	44.587	0.00	0	0	2	0
1586107345231	44.698	0.00	0	0	2	0
1586107345355	44.822	0.00	0	0	2	0
1586107345479	44.946	0.00	0	0	2	0
1586107345603	45.07	0.00	0	0	2	0
1586107345726	45.193	0.00	0	0	2	0
1586107345849	45.316	0.00	0	0	2	0
1586107345972	45.439	0.00	0	0	2	0
1586107346095	45.562	0.00	0	0	2	0
1586107346219	45.686	0.00	0	0	2	0
1586107346343	45.81	0.00	0	0	2	0
1586107346467	45.934	0.00	0	0	2	0
1586107346591	46.058	0.00	0	0	2	0
1586107346713	46.18	0.00	0	0	2	0
1586107346837	46.304	0.00	0	0	2	0
1586107346960	46.427	0.00	0	0	2	0
1586107347084	46.551	0.00	0	0	2	0
1586107347208	46.675	0.00	0	0	2	0
1586107347337	46.804	0.00	0	0	2	0
1586107347464	46.931	0.00	0	0	2	0
1586107347573	47.04	0.00	0	0	2	0
1586107347699	47.166	0.00	0	0	2	0
1586107347825	47.292	0.00	0	0	2	0
1586107347950	47.417	0.00	0	0	0	2
1586107348056	47.523	0.00	0	0	0	2
1586107348174	47.641	0.00	0	0	0	2
1586107348291	47.758	0.00	0	0	0	2
1586107348409	47.876	0.00	0	0	0	2
1586107348526	47.993	0.00	0	0	0	2
1586107348644	48.111	0.00	0	0	0	2
1586107348761	48.228	0.00	0	0	0	2
1586107348879	48.346	0.00	0	0	0	2
1586107348996	48.463	0.00	0	0	0	2
1586107349114	48.581	0.00	0	0	0	2
1586107349231	48.698	0.00	0	0	0	2
1586107349350	48.817	0.00	0	0	0	2
1586107349467	48.934	0.00	0	0	0	2
1586107349580	49.047	0.00	0	0	0	2
1586107349699	49.166	0.00	0	0	0	2
1586107349818	49.285	0.00	0	0	0	2
1586107349938	49.405	0.00	0	0	0	2
1586107350056	49.523	0.00	0	0	0	2
1586107350175	49.642	0.00	0	0	0	2
1586107350279	49.746	0.00	0	0	0	2
1586107350397	49.864	0.00	0	0	0	2
1586107350515	49.982	0.00	0	0	0	2
1586107350623	50.09	0.00	0	0	0	2
1586107350741	50.208	0.00	0	0	0	2
1586107350861	50.328	0.00	0	0	0	2
1586107350979	50.446	0.00	0	0	0	2
1586107351084	50.551	0.00	0	0	0	2
1586107351202	50.669	0.00	0	0	0	2
1586107351309	50.776	0.00	0	0	0	2
1586107351428	50.895	0.00	0	0	0	2
1586107351542	51.009	0.00	0	0	0	2
1586107351663	51.13	0.00	0	0	0	2
1586107351783	51.25	0.00	0	0	0	2
1586107351903	51.37	0.00	0	0	0	2
1586107352021	51.488	0.00	0	0	0	2
1586107352141	51.608	0.00	0	0	0	2
1586107352259	51.726	0.00	0	0	0	2
1586107352378	51.845	0.00	0	0	0	2
1586107352496	51.963	0.00	0	0	0	2
1586107352614	52.081	0.00	0	0	0	2
1586107352732	52.199	0.00	0	0	0	2
1586107352849	52.316	0.00	0	0	0	2
1586107352967	52.434	0.00	0	0	0	2
1586107353085	52.552	0.00	0	0	0	2
1586107353203	52.67	0.00	0	0	0	2
1586107353321	52.788	0.00	0	0	0	2
1586107353438	52.905	0.00	0	0	0	2
1586107353556	53.023	0.00	0	0	0	2
1586107353665	53.132	0.00	0	0	0	2
1586107353783	53.25	0.00	0	0	0	2
1586107353901	53.368	0.00	0	0	0	2
1586107354019	53.486	0.00	0	0	0	2
1586107354137	53.604	0.00	0	0	0	2
1586107354254	53.721	0.00	0	0	0	2
1586107354372	53.839	0.00	0	0	0	2
1586107354490	53.957	0.00	0	0	0	2
1586107354608	54.075	0.00	0	0	0	2
1586107354725	54.192	0.00	0	0	0	2
1586107354843	54.31	0.00	0	0	0	2
1586107354960	54.427	0.00	0	0	0	2
1586107355077	54.544	0.00	0	0	0	2
1586107355183	54.65	0.00	0	0	0	2
1586107355304	54.771	0.00	0	0	0	2
1586107355424	54.891	0.00	0	0	0	2
1586107355544	55.011	0.00	0	0	0	2
1586107355665	55.132	0.00	0	0	0	2
1586107355785	55.252	0.00	0	0	0	2
1586107355904	55.371	0.00	0	0	0	2
1586107356021	55.488	0.00	0	0	0	2
1586107356139	55.606	0.00	0	0	0	2
1586107356257	55.724	0.00	0	0	0	2
1586107356375	55.842	0.00	0	0	0	2
1586107356494	55.961	0.00	0	0	0	2
1586107356611	56.078	0.00	0	0	0	2
1586107356729	56.196	0.00	0	0	0	2
1586107356847	56.314	0.00	0	0	0	2
1586107356965	56.432	0.00	0	0	0	2
1586107357082	56.549	0.00	0	0	0	2
1586107357199	56.666	0.00	0	0	0	2
1586107357316	56.783	0.00	0	0	0	2
1586107357433	56.9	0.00	0	0	0	2
1586107357551	57.018	0.00	0	0	0	2
1586107357656	57.123	0.00	0	0	0	2
1586107357774	57.241	0.00	0	0	0	2
1586107357891	57.358	0.00	0	0	0	2
1586107358009	57.476	0.00	0	0	0	2
1586107358126	57.593	0.00	0	0	0	2
1586107358243	57.71	0.00	0	0	0	2
1586107358356	57.823	0.00	0	0	0	2
1586107358474	57.941	0.00	0	0	0	2
1586107358591	58.058	0.00	0	0	0	2
1586107358708	58.175	0.00	0	0	0	2
1586107358825	58.292	0.00	0	0	0	2
1586107358944	58.411	0.00	0	0	0	2
1586107359062	58.529	0.00	0	0	0	2
1586107359180	58.647	0.00	0	0	0	2
1586107359299	58.766	0.00	0	0	0	2
1586107359419	58.886	0.00	0	0	0	2
1586107359539	59.006	0.00	0	0	0	2
1586107359659	59.126	0.00	0	0	0	2
1586107359778	59.245	0.00	0	0	0	2
1586107359898	59.365	0.00	0	0	0	2
1586107360015	59.482	0.00	0	0	0	2
1586107360134	59.601	0.00	0	0	0	2
1586107360239	59.706	0.00	0	0	0	2
1586107360357	59.824	0.00	0	0	0	2
1586107360474	59.941	0.00	0	0	0	2
1586107360591	60.058	0.00	0	0	0	2
1586107360712	60.179	0.00	0	0	0	2
1586107360817	60.284	0.00	0	0	0	2
1586107360923	60.39	0.00	0	0	0	2
1586107361030	60.497	0.00	0	0	0	2
1586107361136	60.603	0.00	0	0	0	2
1586107361241	60.708	0.00	0	0	0	2
1586107361347	60.814	0.00	0	0	0	2
1586107361453	60.92	0.00	0	0	0	2
1586107361559	61.026	0.00	0	0	0	2
1586107361666	61.133	0.00	0	0	0	2
1586107361772	61.239	0.00	0	0	0	2
1586107361879	61.346	0.00	0	0	0	2
1586107361986	61.453	0.00	0	0	0	2
1586107362091	61.558	0.00	0	0	0	2
1586107362197	61.664	0.00	0	0	0	2
1586107362303	61.77	0.00	0	0	0	2
1586107362411	61.878	0.00	0	0	0	2
1586107362518	61.985	0.00	0	0	0	2
1586107362624	62.091	0.00	0	0	0	2
1586107362738	62.205	0.00	0	0	0	2
1586107362845	62.312	0.00	0	0	0	2
1586107362951	62.418	0.00	0	0	0	2
1586107363060	62.527	0.00	0	0	0	2
1586107363167	62.634	0.00	0	0	0	2
1586107363273	62.74	0.00	0	0	0	2
1586107363382	62.849	0.00	0	0	0	2
1586107363489	62.956	0.00	0	0	0	2
1586107363599	63.066	0.00	0	0	0	2
1586107363707	63.174	0.00	0	0	0	2
1586107363816	63.283	0.00	0	0	0	2
1586107363923	63.39	0.00	0	0	0	2
1586107364030	63.497	0.00	0	0	0	2
1586107364137	63.604	0.00	0	0	0	2
1586107364248	63.715	0.00	0	0	0	2
1586107364366	63.833	0.00	0	0	0	2
1586107364484	63.951	0.00	0	0	0	2
1586107364599	64.066	0.00	0	0	0	2
1586107364717	64.184	0.00	0	0	0	2
1586107364834	64.301	0.00	0	0	0	2
1586107364952	64.419	0.00	0	0	0	2
1586107365069	64.536	0.00	0	0	0	2
1586107365189	64.656	0.00	0	0	0	2
1586107365297	64.764	0.00	0	0	0	2
1586107365415	64.882	0.00	0	0	0	2
1586107365532	64.999	0.00	0	0	0	2
1586107365649	65.116	0.00	0	0	0	2
1586107365770	65.237	0.00	0	0	0	2
1586107365888	65.355	0.00	0	0	0	2
1586107366006	65.473	0.00	0	0	0	2
1586107366114	65.581	0.00	0	0	0	2
1586107366232	65.699	0.00	0	0	0	2
1586107366339	65.806	0.00	0	0	0	2
1586107366456	65.923	0.00	0	0	0	2
1586107366574	66.041	0.00	0	0	0	2
1586107366692	66.159	0.00	0	0	0	2
1586107366811	66.278	0.00	0	0	0	2
1586107366928	66.395	0.00	0	0	0	2
1586107367046	66.513	0.00	0	0	0	2
1586107367163	66.63	0.00	0	0	0	2
1586107367282	66.749	0.00	0	0	0	2
1586107367401	66.868	0.00	0	0	0	2
1586107367522	66.989	0.00	0	0	0	2
1586107367641	67.108	0.00	0	0	0	2
1586107367760	67.227	0.00	0	0	0	2
1586107367881	67.348	0.00	0	0	0	2
1586107367999	67.466	0.00	0	0	0	2
1586107368116	67.583	0.00	0	0	0	2
1586107368233	67.7	0.00	0	0	0	2
1586107368338	67.805	0.00	0	0	0	2
1586107368456	67.923	0.00	0	0	0	2
1586107368575	68.042	0.00	0	0	0	2
1586107368693	68.16	0.00	0	0	0	2
1586107368811	68.278	0.00	0	0	0	2
1586107368926	68.393	0.00	0	0	0	2
1586107369044	68.511	0.00	0	0	0	2
1586107369161	68.628	0.00	0	0	0	2
1586107369279	68.746	0.00	0	0	0	2
1586107369399	68.866	0.00	0	0	0	2
1586107369516	68.983	0.00	0	0	0	2
1586107369633	69.1	0.00	0	0	0	2
1586107369751	69.218	0.00	0	0	0	2
1586107369869	69.336	0.00	0	0	0	2
1586107369986	69.453	0.00	0	0	0	2
1586107370104	69.571	0.00	0	0	0	2
1586107370223	69.69	0.00	0	0	0	2
1586107370340	69.807	0.00	0	0	0	2
1586107370458	69.925	0.00	0	0	0	2
1586107370575	70.042	0.00	0	0	0	2
1586107370693	70.16	0.00	0	0	0	2
1586107370811	70.278	0.00	0	0	0	2
1586107370928	70.395	0.00	0	0	0	2
1586107371045	70.512	0.00	0	0	0	2
1586107371163	70.63	0.00	0	0	0	2
1586107371280	70.747	0.00	0	0	0	2
1586107371398	70.865	0.00	0	0	0	2
1586107371517	70.984	0.00	0	0	0	2
1586107371636	71.103	0.00	0	0	0	2
1586107371756	71.223	0.00	0	0	0	2
1586107371876	71.343	0.00	0	0	0	2
1586107371992	71.459	0.00	0	0	0	2
1586107372099	71.566	0.00	0	0	0	2
1586107372215	71.682	0.00	0	0	0	2
1586107372332	71.799	0.00	0	0	0	2
1586107372449	71.916	0.00	0	0	0	2
1586107372565	72.032	0.00	0	0	0	2
1586107372681	72.148	0.00	0	0	0	2
1586107372786	72.253	0.00	0	0	0	2
1586107372904	72.371	0.00	0	0	0	2
1586107373021	72.488	0.00	0	0	0	2
1586107373136	72.603	0.00	0	0	0	2
1586107373252	72.719	0.00	0	0	0	2
1586107373369	72.836	0.00	0	0	0	2
1586107373487	72.954	0.00	0	0	0	2
1586107373604	73.071	0.00	0	0	0	2
1586107373721	73.188	0.00	0	0	0	2
1586107373839	73.306	0.00	0	0	0	2
1586107373957	73.424	0.00	0	0	0	2
1586107374075	73.542	0.00	0	0	0	2
1586107374192	73.659	0.00	0	0	0	2
1586107374309	73.776	0.00	0	0	0	2
1586107374427	73.894	0.00	0	0	0	2
1586107374544	74.011	0.00	0	0	0	2
1586107374662	74.129	0.00	0	0	0	2
1586107374780	74.247	0.00	0	0	0	2
1586107374898	74.365	0.00	0	0	0	2
1586107375007	74.474	0.00	0	0	0	2
1586107375124	74.591	0.00	0	0	0	2
1586107375242	74.709	0.00	0	0	0	2
1586107375361	74.828	0.00	0	0	0	2
1586107375480	74.947	0.00	0	0	0	2
1586107375598	75.065	0.00	0	0	0	2
1586107375718	75.185	0.00	0	0	0	2
1586107375838	75.305	0.00	0	0	0	2
1586107375957	75.424	0.00	0	0	0	2
1586107376074	75.541	0.00	0	0	0	2
1586107376193	75.66	0.00	0	0	0	2
1586107376311	75.778	0.00	0	0	0	2
1586107376429	75.896	0.00	0	0	0	2
1586107376547	76.014	0.00	0	0	0	2
1586107376664	76.131	0.00	0	0	0	2
1586107376782	76.249	0.00	0	0	0	2
1586107376900	76.367	100.00	0	2	0	2
1586107377018	76.485	100.00	0	2	0	2
1586107377137	76.604	100.00	0	2	0	2
1586107377255	76.722	100.00	0	2	0	2
1586107377373	76.84	100.00	0	2	0	2
1586107377491	76.958	100.00	0	2	0	2
1586107377609	77.076	100.00	0	2	0	2
1586107377726	77.193	100.00	0	2	0	2
1586107377845	77.312	100.00	0	2	0	2
1586107377963	77.43	100.00	0	2	0	2
1586107378077	77.544	100.00	0	2	0	2
1586107378195	77.662	100.00	0	2	0	2
1586107378313	77.78	100.00	0	2	0	2
1586107378431	77.898	100.00	0	2	0	2
1586107378549	78.016	100.00	0	2	0	2
1586107378668	78.135	100.00	0	2	0	2
1586107378782	78.249	100.00	0	2	0	2
1586107378900	78.367	100.00	0	2	0	2
1586107379018	78.485	100.00	0	2	0	2
1586107379136	78.603	100.00	0	2	0	2
1586107379254	78.721	100.00	0	2	0	2
1586107379373	78.84	100.00	0	2	0	2
1586107379493	78.96	100.00	0	2	0	2
1586107379612	79.079	100.00	0	2	0	2
1586107379731	79.198	100.00	0	2	0	2
1586107379852	79.319	100.00	0	2	0	2
1586107379969	79.436	100.00	0	2	0	2
1586107380087	79.554	100.00	0	2	0	2
1586107380206	79.673	100.00	0	2	0	2
1586107380324	79.791	100.00	0	2	0	2
1586107380442	79.909	100.00	0	2	0	2
1586107380559	80.026	100.00	0	2	0	2
1586107380677	80.144	100.00	0	2	0	2
1586107380795	80.262	100.00	0	2	0	2
1586107380900	80.367	0.00	0	0	2	0
1586107381023	80.49	0.00	0	0	2	0
1586107381147	80.614	0.00	0	0	2	0
1586107381270	80.737	0.00	0	0	2	0
1586107381394	80.861	0.00	0	0	2	0
1586107381518	80.985	0.00	0	0	2	0
1586107381639	81.106	0.00	0	0	2	0
1586107381760	81.227	0.00	0	0	2	0
1586107381879	81.346	0.00	0	0	2	0
1586107382001	81.468	0.00	0	0	2	0
1586107382109	81.576	0.00	0	0	2	0
1586107382233	81.7	0.00	0	0	2	0
1586107382356	81.823	0.00	0	0	2	0
1586107382479	81.946	0.00	0	0	2	0
1586107382603	82.07	0.00	0	0	2	0
1586107382725	82.192	0.00	0	0	2	0
1586107382850	82.317	0.00	0	0	2	0
1586107382974	82.441	0.00	0	0	2	0
1586107383097	82.564	0.00	0	0	2	0
1586107383208	82.675	0.00	0	0	2	0
1586107383319	82.786	0.00	0	0	2	0
1586107383446	82.913	0.00	0	0	2	0
1586107383572	83.039	0.00	0	0	2	0
1586107383698	83.165	0.00	0	0	2	0
1586107383823	83.29	0.00	0	0	2	0
1586107383951	83.418	0.00	0	0	2	0
1586107384075	83.542	0.00	0	0	2	0
1586107384196	83.663	0.00	0	0	2	0
1586107384319	83.786	0.00	0	0	2	0
1586107384443	83.91	0.00	0	0	2	0
1586107384566	84.033	0.00	0	0	2	0
1586107384689	84.156	0.00	0	0	2	0
1586107384813	84.28	0.00	0	0	2	0
1586107384937	84.404	0.00	0	0	0	2
1586107385055	84.522	0.00	0	0	0	2
1586107385173	84.64	0.00	0	0	0	2
1586107385291	84.758	0.00	0	0	0	2
1586107385409	84.876	0.00	0	0	0	2
1586107385525	84.992	0.00	0	0	0	2
1586107385643	85.11	0.00	0	0	0	2
1586107385760	85.227	0.00	0	0	0	2
1586107385878	85.345	0.00	0	0	0	2
1586107385995	85.462	0.00	0	0	0	2
1586107386113	85.58	0.00	0	0	0	2
1586107386231	85.698	0.00	0	0	0	2
1586107386348	85.815	0.00	0	0	0	2
1586107386465	85.932	0.00	0	0	0	2
1586107386583	86.05	0.00	0	0	0	2
1586107386700	86.167	0.00	0	0	0	2
1586107386806	86.273	0.00	0	0	0	2
1586107386923	86.39	0.00	0	0	0	2
1586107387040	86.507	0.00	0	0	0	2
1586107387145	86.612	0.00	0	0	0	2
1586107387262	86.729	0.00	0	0	0	2
1586107387377	86.844	0.00	0	0	0	2
1586107387497	86.964	0.00	0	0	0	2
1586107387616	87.083	0.00	0	0	0	2
1586107387735	87.202	0.00	0	0	0	2
1586107387856	87.323	0.00	0	0	0	2
1586107387974	87.441	0.00	0	0	0	2
1586107388091	87.558	0.00	0	0	0	2
1586107388209	87.676	0.00	0	0	0	2
1586107388327	87.794	0.00	0	0	0	2
1586107388444	87.911	0.00	0	0	0	2
1586107388563	88.03	0.00	0	0	0	2
1586107388680	88.147	0.00	0	0	0	2
1586107388798	88.265	0.00	0	0	0	2
1586107388916	88.383	0.00	0	0	0	2
1586107389033	88.5	0.00	0	0	0	2
1586107389151	88.618	0.00	0	0	0	2
1586107389269	88.736	0.00	0	0	0	2
1586107389386	88.853	0.00	0	0	0	2
1586107389504	88.971	0.00	0	0	0	2
1586107389622	89.089	0.00	0	0	0	2
1586107389739	89.206	0.00	0	0	0	2
1586107389857	89.324	0.00	0	0	0	2
1586107389974	89.441	0.00	0	0	0	2
1586107390092	89.559	0.00	0	0	0	2
1586107390198	89.665	0.00	0	0	0	2
1586107390315	89.782	0.00	0	0	0	2
1586107390433	89.9	0.00	0	0	0	2
1586107390550	90.017	0.00	0	0	0	2
1586107390668	90.135	0.00	0	0	0	2
1586107390773	90.24	0.00	0	0	0	2
1586107390890	90.357	0.00	0	0	0	2
1586107391007	90.474	0.00	0	0	0	2
1586107391124	90.591	0.00	0	0	0	2
1586107391241	90.708	0.00	0	0	0	2
1586107391348	90.815	0.00	0	0	0	2
1586107391469	90.936	0.00	0	0	0	2
1586107391588	91.055	0.00	0	0	0	2
1586107391708	91.175	0.00	0	0	0	2
1586107391827	91.294	0.00	0	0	0	2
1586107391949	91.416	0.00	0	0	0	2
1586107392067	91.534	0.00	0	0	0	2
1586107392184	91.651	0.00	0	0	0	2
1586107392299	91.766	0.00	0	0	0	2
1586107392410	91.877	0.00	0	0	0	2
1586107392527	91.994	0.00	0	0	0	2
1586107392646	92.113	0.00	0	0	0	2
1586107392763	92.23	0.00	0	0	0	2
1586107392881	92.348	0.00	0	0	0	2
1586107392999	92.466	0.00	0	0	0	2
1586107393117	92.584	0.00	0	0	0	2
1586107393227	92.694	0.00	0	0	0	2
1586107393345	92.812	0.00	0	0	0	2
1586107393463	92.93	0.00	0	0	0	2
1586107393580	93.047	0.00	0	0	0	2
1586107393698	93.165	0.00	0	0	0	2
1586107393815	93.282	0.00	0	0	0	2
1586107393933	93.4	0.00	0	0	0	2
1586107394050	93.517	0.00	0	0	0	2
1586107394155	93.622	0.00	0	0	0	2
1586107394271	93.738	0.00	0	0	0	2
1586107394389	93.856	0.00	0	0	0	2
1586107394507	93.974	0.00	0	0	0	2
1586107394625	94.092	0.00	0	0	0	2
1586107394743	94.21	0.00	0	0	0	2
1586107394860	94.327	0.00	0	0	0	2
1586107394977	94.444	0.00	0	0	0	2
1586107395094	94.561	0.00	0	0	0	2
1586107395210	94.677	0.00	0	0	0	2
1586107395329	94.796	0.00	0	0	0	2
1586107395448	94.915	0.00	0	0	0	2
1586107395567	95.034	0.00	0	0	0	2
1586107395686	95.153	0.00	0	0	0	2
1586107395807	95.274	0.00	0	0	0	2
1586107395915	95.382	0.00	0	0	0	2
1586107396020	95.487	0.00	0	0	0	2
1586107396126	95.593	0.00	0	0	0	2
1586107396243	95.71	0.00	0	0	0	2
1586107396354	95.821	0.00	0	0	0	2
1586107396473	95.94	0.00	0	0	0	2
1586107396590	96.057	0.00	0	0	0	2
1586107396708	96.175	0.00	0	0	0	2
1586107396825	96.292	0.00	0	0	0	2
1586107396936	96.403	0.00	0	0	0	2
1586107397054	96.521	0.00	0	0	0	2
1586107397170	96.637	0.00	0	0	0	2
1586107397290	96.757	0.00	0	0	0	2
1586107397407	96.874	0.00	0	0	0	2
1586107397524	96.991	0.00	0	0	0	2
1586107397641	97.108	0.00	0	0	0	2
1586107397759	97.226	0.00	0	0	0	2
1586107397876	97.343	0.00	0	0	0	2
1586107397993	97.46	0.00	0	0	0	2
1586107398111	97.578	0.00	0	0	0	2
1586107398229	97.696	0.00	0	0	0	2
1586107398347	97.814	0.00	0	0	0	2
1586107398452	97.919	0.00	0	0	0	2
1586107398569	98.036	0.00	0	0	0	2
1586107398686	98.153	0.00	0	0	0	2
1586107398803	98.27	0.00	0	0	0	2
1586107398921	98.388	0.00	0	0	0	2
1586107399039	98.506	0.00	0	0	0	2
1586107399158	98.625	0.00	0	0	0	2
1586107399275	98.742	0.00	0	0	0	2
1586107399394	98.861	0.00	0	0	0	2
1586107399515	98.982	0.00	0	0	0	2
1586107399635	99.102	0.00	0	0	0	2
1586107399755	99.222	0.00	0	0	0	2
1586107399875	99.342	0.00	0	0	0	2
1586107399993	99.46	0.00	0	0	0	2
1586107400112	99.579	0.00	0	0	0	2
1586107400225	99.692	0.00	0	0	0	2
1586107400332	99.799	0.00	0	0	0	2
1586107400450	99.917	0.00	0	0	0	2
1586107400568	100.035	0.00	0	0	0	2
1586107400676	100.143	0.00	0	0	0	2
1586107400782	100.249	0.00	0	0	0	2
1586107400888	100.355	0.00	0	0	0	2
1586107400994	100.461	0.00	0	0	0	2
1586107401101	100.568	0.00	0	0	0	2
1586107401206	100.673	0.00	0	0	0	2
1586107401311	100.778	0.00	0	0	0	2
1586107401430	100.897	0.00	0	0	0	2
1586107401547	101.014	0.00	0	0	0	2
1586107401665	101.132	0.00	0	0	0	2
1586107401784	101.251	0.00	0	0	0	2
1586107401900	101.367	0.00	0	0	0	2
1586107402018	101.485	0.00	0	0	0	2
1586107402123	101.59	0.00	0	0	0	2
1586107402240	101.707	0.00	0	0	0	2
1586107402348	101.815	0.00	0	0	0	2
1586107402465	101.932	0.00	0	0	0	2
1586107402583	102.05	0.00	0	0	0	2
1586107402700	102.167	0.00	0	0	0	2
1586107402817	102.284	0.00	0	0	0	2
1586107402934	102.401	0.00	0	0	0	2
1586107403052	102.519	0.00	0	0	0	2
1586107403170	102.637	0.00	0	0	0	2
1586107403288	102.755	0.00	0	0	0	2
1586107403408	102.875	0.00	0	0	0	2
1586107403529	102.996	0.00	0	0	0	2
1586107403647	103.114	0.00	0	0	0	2
1586107403767	103.234	0.00	0	0	0	2
1586107403887	103.354	0.00	0	0	0	2
1586107404005	103.472	0.00	0	0	0	2
1586107404123	103.59	0.00	0	0	0	2
1586107404239	103.706	0.00	0	0	0	2
1586107404357	103.824	0.00	0	0	0	2
1586107404475	103.942	0.00	0	0	0	2
1586107404592	104.059	0.00	0	0	0	2
1586107404710	104.177	0.00	0	0	0	2
1586107404827	104.294	0.00	0	0	0	2
1586107404944	104.411	0.00	0	0	0	2
1586107405061	104.528	0.00	0	0	0	2
1586107405167	104.634	0.00	0	0	0	2
1586107405285	104.752	0.00	0	0	0	2
1586107405400	104.867	0.00	0	0	0	2
1586107405517	104.984	0.00	0	0	0	2
1586107405634	105.101	0.00	0	0	0	2
1586107405751	105.218	0.00	0	0	0	2
1586107405869	105.336	0.00	0	0	0	2
1586107405986	105.453	0.00	0	0	0	2
1586107406104	105.571	0.00	0	0	0	2
1586107406221	105.688	0.00	0	0	0	2
1586107406339	105.806	0.00	0	0	0	2
1586107406457	105.924	0.00	0	0	0	2
1586107406574	106.041	0.00	0	0	0	2
1586107406691	106.158	0.00	0	0	0	2
1586107406809	106.276	0.00	0	0	0	2
1586107406927	106.394	0.00	0	0	0	2
1586107407044	106.511	0.00	0	0	0	2
1586107407161	106.628	0.00	0	0	0	2
1586107407279	106.746	0.00	0	0	0	2
1586107407399	106.866	0.00	0	0	0	2
1586107407519	106.986	0.00	0	0	0	2
1586107407639	107.106	0.00	0	0	0	2
1586107407759	107.226	0.00	0	0	0	2
1586107407879	107.346	0.00	0	0	0	2
1586107407997	107.464	0.00	0	0	0	2
1586107408116	107.583	0.00	0	0	0	2
1586107408234	107.701	0.00	0	0	0	2
1586107408351	107.818	0.00	0	0	0	2
1586107408460	107.927	0.00	0	0	0	2
1586107408577	108.044	0.00	0	0	0	2
1586107408695	108.162	0.00	0	0	0	2
1586107408801	108.268	0.00	0	0	0	2
1586107408918	108.385	0.00	0	0	0	2
1586107409036	108.503	0.00	0	0	0	2
1586107409154	108.621	0.00	0	0	0	2
1586107409271	108.738	0.00	0	0	0	2
1586107409389	108.856	0.00	0	0	0	2
1586107409507	108.974	0.00	0	0	0	2
1586107409626	109.093	0.00	0	0	0	2
1586107409743	109.21	0.00	0	0	0	2
1586107409860	109.327	0.00	0	0	0	2
1586107409977	109.444	0.00	0	0	0	2
1586107410094	109.561	0.00	0	0	0	2
1586107410213	109.68	0.00	0	0	0	2
1586107410330	109.797	0.00	0	0	0	2
1586107410445	109.912	0.00	0	0	0	2
1586107410563	110.03	0.00	0	0	0	2
1586107410678	110.145	0.00	0	0	0	2
1586107410795	110.262	0.00	0	0	0	2
1586107410912	110.379	0.00	0	0	0	2
1586107411018	110.485	0.00	0	0	0	2
1586107411135	110.602	0.00	0	0	0	2
1586107411251	110.718	0.00	0	0	0	2
1586107411373	110.84	0.00	0	0	0	2
1586107411493	110.96	0.00	0	0	0	2
1586107411613	111.08	0.00	0	0	0	2
1586107411733	111.2	0.00	0	0	0	2
1586107411851	111.318	0.00	0	0	0	2
1586107411970	111.437	0.00	0	0	0	2
1586107412088	111.555	0.00	0	0	0	2
1586107412205	111.672	0.00	0	0	0	2
1586107412323	111.79	0.00	0	0	0	2
1586107412431	111.898	0.00	0	0	0	2
1586107412548	112.015	0.00	0	0	0	2
1586107412666	112.133	0.00	0	0	0	2
1586107412783	112.25	0.00	0	0	0	2
1586107412901	112.368	0.00	0	0	0	2
1586107413018	112.485	0.00	0	0	0	2
1586107413136	112.603	0.00	0	0	0	2
1586107413253	112.72	0.00	0	0	0	2
1586107413370	112.837	0.00	0	0	0	2
1586107413488	112.955	0.00	0	0	0	2
1586107413605	113.072	0.00	0	0	0	2
1586107413722	113.189	0.00	0	0	0	2
1586107413839	113.306	0.00	0	0	0	2
1586107413958	113.425	0.00	0	0	0	2
1586107414076	113.543	0.00	0	0	0	2
1586107414193	113.66	0.00	0	0	0	2
1586107414311	113.778	0.00	0	0	0	2
1586107414429	113.896	0.00	0	0	0	2
1586107414547	114.014	0.00	0	0	0	2
1586107414664	114.131	0.00	0	0	0	2
1586107414781	114.248	0.00	0	0	0	2
1586107414890	114.357	0.00	0	0	0	2
1586107415008	114.475	0.00	0	0	0	2
1586107415126	114.593	0.00	0	0	0	2
1586107415231	114.698	0.00	0	0	0	2
1586107415341	114.808	0.00	0	0	0	2
1586107415461	114.928	0.00	0	0	0	2
1586107415580	115.047	0.00	0	0	0	2
1586107415700	115.167	0.00	0	0	0	2
1586107415820	115.287	0.00	0	0	0	2
1586107415940	115.407	0.00	0	0	0	2
1586107416058	115.525	0.00	0	0	0	2
1586107416176	115.643	0.00	0	0	0	2
1586107416294	115.761	0.00	0	0	0	2
1586107416411	115.878	0.00	0	0	0	2
1586107416529	115.996	0.00	0	0	0	2
1586107416643	116.11	0.00	0	0	0	2
1586107416761	116.228	0.00	0	0	0	2
1586107416878	116.345	0.00	0	0	0	2
1586107416996	116.463	0.00	0	0	0	2
1586107417114	116.581	0.00	0	0	0	2
1586107417231	116.698	0.00	0	0	0	2
1586107417349	116.816	0.00	0	0	0	2
1586107417467	116.934	0.00	0	0	0	2
1586107417584	117.051	0.00	0	0	0	2
1586107417698	117.165	0.00	0	0	0	2
1586107417816	117.283	0.00	0	0	0	2
1586107417934	117.401	0.00	0	0	0	2
1586107418052	117.519	0.00	0	0	0	2
1586107418170	117.637	0.00	0	0	0	2
1586107418288	117.755	0.00	0	0	0	2
1586107418398	117.865	0.00	0	0	0	2
1586107418515	117.982	0.00	0	0	0	2
1586107418625	118.092	0.00	0	0	0	2
1586107418743	118.21	0.00	0	0	0	2
1586107418860	118.327	0.00	0	0	0	2
1586107418977	118.444	0.00	0	0	0	2
1586107419095	118.562	0.00	0	0	0	2
1586107419212	118.679	0.00	0	0	0	2
1586107419330	118.797	0.00	0	0	0	2
1586107419451	118.918	0.00	0	0	0	2
1586107419570	119.037	0.00	0	0	0	2
1586107419690	119.157	0.00	0	0	0	2
1586107419810	119.277	0.00	0	0	0	2
1586107419929	119.396	0.00	0	0	0	2
1586107420046	119.513	0.00	0	0	0	2
1586107420167	119.634	0.00	0	0	0	2
1586107420272	119.739	0.00	0	0	0	2
1586107420390	119.857	0.00	0	0	0	2
1586107420507	119.974	0.00	0	0	0	2
1586107420628	120.095	0.00	0	0	0	2
1586107420736	120.203	0.00	0	0	0	2
1586107420854	120.321	0.00	0	0	0	2
1586107420972	120.439	0.00	0	0	0	2
1586107421089	120.556	0.00	0	0	0	2
1586107421207	120.674	0.00	0	0	0	2
1586107421324	120.791	0.00	0	0	0	2
1586107421438	120.905	0.00	0	0	0	2
1586107421556	121.023	0.00	0	0	0	2
1586107421673	121.14	0.00	0	0	0	2
1586107421791	121.258	0.00	0	0	0	2
1586107421909	121.376	0.00	0	0	0	2
1586107422027	121.494	0.00	0	0	0	2
1586107422144	121.611	0.00	0	0	0	2
1586107422262	121.729	0.00	0	0	0	2
1586107422380	121.847	0.00	0	0	0	2
1586107422498	121.965	0.00	0	0	0	2
1586107422615	122.082	0.00	0	0	0	2
1586107422733	122.2	0.00	0	0	0	2
1586107422851	122.318	0.00	0	0	0	2
1586107422969	122.436	0.00	0	0	0	2
1586107423088	122.555	0.00	0	0	0	2
1586107423206	122.673	0.00	0	0	0	2
1586107423323	122.79	0.00	0	0	0	2
1586107423444	122.911	0.00	0	0	0	2
1586107423564	123.031	0.00	0	0	0	2
1586107423684	123.151	0.00	0	0	0	2
1586107423795	123.262	0.00	0	0	0	2
1586107423917	123.384	0.00	0	0	0	2
1586107424022	123.489	0.00	0	0	0	2
1586107424147	123.614	0.00	0	0	0	2
1586107424265	123.732	0.00	0	0	0	2
1586107424382	123.849	0.00	0	0	0	2
1586107424500	123.967	0.00	0	0	0	2
1586107424617	124.084	0.00	0	0	0	2
1586107424735	124.202	0.00	0	0	0	2
1586107424855	124.322	0.00	0	0	0	2
1586107424973	124.44	0.00	0	0	0	2
1586107425093	124.56	0.00	0	0	0	2
1586107425211	124.678	0.00	0	0	0	2
1586107425331	124.798	0.00	0	0	0	2
1586107425448	124.915	0.00	0	0	0	2
1586107425566	125.033	0.00	0	0	0	2
1586107425686	125.153	0.00	0	0	0	2
1586107425804	125.271	0.00	0	0	0	2
1586107425922	125.389	0.00	0	0	0	2
1586107426039	125.506	0.00	0	0	0	2
1586107426158	125.625	0.00	0	0	0	2
1586107426275	125.742	0.00	0	0	0	2
1586107426393	125.86	0.00	0	0	0	2
1586107426511	125.978	0.00	0	0	0	2
1586107426629	126.096	0.00	0	0	0	2
1586107426748	126.215	0.00	0	0	0	2
1586107426856	126.323	0.00	0	0	0	2
1586107426974	126.441	0.00	0	0	0	2
1586107427094	126.561	0.00	0	0	0	2
1586107427211	126.678	0.00	0	0	0	2
1586107427329	126.796	0.00	0	0	0	2
1586107427448	126.915	0.00	0	0	0	2
1586107427568	127.035	0.00	0	0	0	2
1586107427688	127.155	0.00	0	0	0	2
1586107427807	127.274	0.00	0	0	0	2
1586107427927	127.394	0.00	0	0	0	2
1586107428045	127.512	0.00	0	0	0	2
1586107428165	127.632	0.00	0	0	0	2
1586107428282	127.749	0.00	0	0	0	2
1586107428389	127.856	0.00	0	0	0	2
1586107428507	127.974	0.00	0	0	0	2
1586107428624	128.091	0.00	0	0	0	2
1586107428743	128.21	0.00	0	0	0	2
1586107428860	128.327	0.00	0	0	0	2
1586107428978	128.445	0.00	0	0	0	2
1586107429096	128.563	0.00	0	0	0	2
1586107429215	128.682	0.00	0	0	0	2
1586107429334	128.801	0.00	0	0	0	2
1586107429451	128.918	0.00	0	0	0	2
1586107429570	129.037	0.00	0	0	0	2
1586107429688	129.155	0.00	0	0	0	2
1586107429807	129.274	0.00	0	0	0	2
1586107429918	129.385	0.00	0	0	0	2
1586107430036	129.503	0.00	0	0	0	2
1586107430156	129.623	0.00	0	0	0	2
1586107430274	129.741	0.00	0	0	0	2
1586107430392	129.859	0.00	0	0	0	2
1586107430509	129.976	0.00	0	0	0	2
1586107430627	130.094	0.00	0	0	0	2
1586107430745	130.212	0.00	0	0	0	2
1586107430864	130.331	0.00	0	0	0	2
1586107430981	130.448	0.00	0	0	0	2
1586107431099	130.566	0.00	0	0	0	2
1586107431216	130.683	0.00	0	0	0	2
1586107431334	130.801	0.00	0	0	0	2
1586107431454	130.921	0.00	0	0	0	2
1586107431573	131.04	0.00	0	0	0	2
1586107431693	131.16	0.00	0	0	0	2
1586107431812	131.279	0.00	0	0	0	2
1586107431933	131.4	0.00	0	0	0	2
1586107432050	131.517	0.00	0	0	0	2
1586107432168	131.635	0.00	0	0	0	2
1586107432285	131.752	0.00	0	0	0	2
1586107432403	131.87	0.00	0	0	0	2
1586107432520	131.987	0.00	0	0	0	2
1586107432637	132.104	0.00	0	0	0	2
1586107432755	132.222	0.00	0	0	0	2
1586107432860	132.327	0.00	0	0	0	2
1586107432978	132.445	0.00	0	0	0	2
1586107433092	132.559	0.00	0	0	0	2
1586107433209	132.676	0.00	0	0	0	2
1586107433326	132.793	0.00	0	0	0	2
1586107433444	132.911	0.00	0	0	0	2
1586107433562	133.029	0.00	0	0	0	2
1586107433680	133.147	0.00	0	0	0	2
1586107433797	133.264	0.00	0	0	0	2
1586107433915	133.382	0.00	0	0	0	2
1586107434032	133.499	0.00	0	0	0	2
1586107434150	133.617	0.00	0	0	0	2
1586107434267	133.734	0.00	0	0	0	2
1586107434385	133.852	0.00	0	0	0	2
1586107434503	133.97	0.00	0	0	0	2
1586107434620	134.087	0.00	0	0	0	2
1586107434737	134.204	0.00	0	0	0	2
1586107434854	134.321	0.00	0	0	0	2
1586107434972	134.439	0.00	0	0	0	2
1586107435078	134.545	0.00	0	0	0	2
1586107435183	134.65	0.00	0	0	0	2
1586107435300	134.767	0.00	0	0	0	2
1586107435420	134.887	0.00	0	0	0	2
1586107435539	135.006	0.00	0	0	0	2
1586107435659	135.126	0.00	0	0	0	2
1586107435779	135.246	0.00	0	0	0	2
1586107435897	135.364	0.00	0	0	0	2
1586107436015	135.482	0.00	0	0	0	2
1586107436132	135.599	0.00	0	0	0	2
1586107436249	135.716	0.00	0	0	0	2
1586107436369	135.836	0.00	0	0	0	2
1586107436487	135.954	0.00	0	0	0	2
1586107436604	136.071	0.00	0	0	0	2
1586107436722	136.189	0.00	0	0	0	2
1586107436840	136.307	0.00	0	0	0	2
1586107436958	136.425	0.00	0	0	0	2
1586107437076	136.543	0.00	0	0	0	2
1586107437194	136.661	0.00	0	0	0	2
1586107437311	136.778	0.00	0	0	0	2
1586107437429	136.896	0.00	0	0	0	2
1586107437546	137.013	0.00	0	0	0	2
1586107437653	137.12	0.00	0	0	0	2
1586107437771	137.238	0.00	0	0	0	2
1586107437888	137.355	0.00	0	0	0	2
1586107438005	137.472	0.00	0	0	0	2
1586107438123	137.59	0.00	0	0	0	2
1586107438233	137.7	0.00	0	0	0	2
1586107438341	137.808	0.00	0	0	0	2
1586107438452	137.919	0.00	0	0	0	2
1586107438568	138.035	0.00	0	0	0	2
1586107438683	138.15	0.00	0	0	0	2
1586107438800	138.267	0.00	0	0	0	2
1586107438917	138.384	0.00	0	0	0	2
1586107439036	138.503	0.00	0	0	0	2
1586107439154	138.621	0.00	0	0	0	2
1586107439263	138.73	0.00	0	0	0	2
1586107439383	138.85	0.00	0	0	0	2
1586107439503	138.97	0.00	0	0	0	2
1586107439623	139.09	0.00	0	0	0	2
1586107439743	139.21	0.00	0	0	0	2
1586107439862	139.329	0.00	0	0	0	2
1586107439985	139.452	0.00	0	0	0	2
1586107440103	139.57	0.00	0	0	0	2
1586107440222	139.689	0.00	0	0	0	2
1586107440339	139.806	0.00	0	0	0	2
1586107440457	139.924	0.00	0	0	0	2
1586107440575	140.042	0.00	0	0	0	2
1586107440693	140.16	0.00	0	0	0	2
1586107440810	140.277	0.00	0	0	0	2
1586107440927	140.394	0.00	0	0	0	2
1586107441040	140.507	0.00	0	0	0	2
1586107441159	140.626	0.00	0	0	0	2
1586107441265	140.732	0.00	0	0	0	2
1586107441383	140.85	0.00	0	0	0	2
1586107441500	140.967	0.00	0	0	0	2
1586107441617	141.084	0.00	0	0	0	2
1586107441734	141.201	0.00	0	0	0	2
1586107441844	141.311	0.00	0	0	0	2
1586107441962	141.429	100.00	0	2	0	2
1586107442069	141.536	100.00	0	2	0	2
1586107442187	141.654	0.00	0	0	2	0
1586107442310	141.777	0.00	0	0	2	0
1586107442433	141.9	0.00	0	0	2	0
1586107442544	142.011	0.00	0	0	2	0
1586107442667	142.134	0.00	0	0	2	0
1586107442791	142.258	0.00	0	0	2	0
1586107442914	142.381	0.00	0	0	2	0
1586107443037	142.504	0.00	0	0	2	0
1586107443162	142.629	0.00	0	0	2	0
1586107443271	142.738	0.00	0	0	2	0
1586107443399	142.866	0.00	0	0	2	0
1586107443524	142.991	0.00	0	0	2	0
1586107443644	143.111	0.00	0	0	2	0
1586107443772	143.239	0.00	0	0	2	0
1586107443900	143.367	0.00	0	0	2	0
1586107444024	143.491	0.00	0	0	2	0
1586107444147	143.614	0.00	0	0	2	0
1586107444271	143.738	0.00	0	0	2	0
1586107444394	143.861	0.00	0	0	2	0
1586107444517	143.984	0.00	0	0	2	0
1586107444644	144.111	0.00	0	0	2	0
1586107444767	144.234	0.00	0	0	2	0
1586107444891	144.358	0.00	0	0	2	0
1586107445014	144.481	0.00	0	0	2	0
1586107445126	144.593	0.00	0	0	2	0
1586107445249	144.716	0.00	0	0	2	0
1586107445371	144.838	0.00	0	0	2	0
1586107445494	144.961	0.00	0	0	2	0
1586107445617	145.084	0.00	0	0	2	0
1586107445740	145.207	0.00	0	0	2	0
1586107445863	145.33	0.00	0	0	2	0
1586107445987	145.454	0.00	0	0	2	0
1586107446111	145.578	0.00	0	0	2	0
1586107446234	145.701	0.00	0	0	2	0
1586107446357	145.824	0.00	0	0	2	0
1586107446480	145.947	0.00	0	0	2	0
1586107446603	146.07	0.00	0	0	2	0
1586107446727	146.194	0.00	0	0	2	0
1586107446850	146.317	0.00	0	0	2	0
1586107446974	146.441	0.00	0	0	2	0
1586107447097	146.564	0.00	0	0	2	0
1586107447221	146.688	0.00	0	0	2	0
1586107447344	146.811	0.00	0	0	2	0
1586107447470	146.937	0.00	0	0	2	0
1586107447597	147.064	0.00	0	0	2	0
1586107447722	147.189	0.00	0	0	2	0
1586107447850	147.317	0.00	0	0	2	0
1586107447977	147.444	0.00	0	0	2	0
1586107448100	147.567	0.00	0	0	2	0
1586107448224	147.691	0.00	0	0	2	0
1586107448348	147.815	0.00	0	0	2	0
1586107448471	147.938	0.00	0	0	2	0
1586107448595	148.062	0.00	0	0	2	0
1586107448719	148.186	0.00	0	0	2	0
1586107448832	148.299	0.00	0	0	2	0
1586107448956	148.423	0.00	0	0	2	0
1586107449080	148.547	0.00	0	0	2	0
1586107449204	148.671	0.00	0	0	2	0
1586107449326	148.793	0.00	0	0	2	0
1586107449450	148.917	0.00	0	0	2	0
1586107449573	149.04	0.00	0	0	2	0
1586107449696	149.163	0.00	0	0	2	0
1586107449820	149.287	0.00	0	0	2	0
1586107449942	149.409	0.00	0	0	2	0
1586107450065	149.532	0.00	0	0	2	0
1586107450189	149.656	0.00	0	0	2	0
1586107450312	149.779	0.00	0	0	2	0
1586107450435	149.902	0.00	0	0	2	0
1586107450559	150.026	0.00	0	0	2	0
1586107450681	150.148	0.00	0	0	2	0
1586107450804	150.271	0.00	0	0	2	0
1586107450926	150.393	0.00	0	0	2	0
1586107451036	150.503	0.00	0	0	2	0
1586107451143	150.61	0.00	0	0	2	0
1586107451266	150.733	0.00	0	0	2	0
1586107451394	150.861	0.00	0	0	2	0
1586107451520	150.987	0.00	0	0	2	0
1586107451646	151.113	0.00	0	0	2	0
1586107451772	151.239	0.00	0	0	2	0
1586107451894	151.361	0.00	0	0	2	0
1586107452007	151.474	0.00	0	0	2	0
1586107452130	151.597	0.00	0	0	2	0
1586107452254	151.721	0.00	0	0	2	0
1586107452378	151.845	0.00	0	0	2	0
1586107452502	151.969	0.00	0	0	2	0
1586107452625	152.092	0.00	0	0	2	0
1586107452748	152.215	0.00	0	0	2	0
1586107452871	152.338	0.00	0	0	2	0
1586107452995	152.462	0.00	0	0	2	0
1586107453119	152.586	0.00	0	0	2	0
1586107453242	152.709	0.00	0	0	2	0
1586107453366	152.833	0.00	0	0	2	0
1586107453489	152.956	0.00	0	0	2	0
1586107453613	153.08	0.00	0	0	2	0
1586107453738	153.205	0.00	0	0	2	0
1586107453862	153.329	0.00	0	0	2	0
1586107453986	153.453	0.00	0	0	2	0
1586107454110	153.577	0.00	0	0	2	0
1586107454233	153.7	0.00	0	0	2	0
1586107454356	153.823	0.00	0	0	2	0
1586107454479	153.946	0.00	0	0	2	0
1586107454604	154.071	0.00	0	0	2	0
1586107454728	154.195	0.00	0	0	2	0
1586107454851	154.318	0.00	0	0	2	0
1586107454973	154.44	0.00	0	0	2	0
1586107455098	154.565	0.00	0	0	2	0
1586107455223	154.69	0.00	0	0	2	0
1586107455346	154.813	0.00	0	0	2	0
1586107455472	154.939	0.00	0	0	2	0
1586107455599	155.066	0.00	0	0	2	0
1586107455726	155.193	0.00	0	0	2	0
1586107455852	155.319	0.00	0	0	2	0
1586107455982	155.449	0.00	0	0	2	0
1586107456101	155.568	0.00	0	0	2	0
1586107456216	155.683	0.00	0	0	2	0
1586107456322	155.789	0.00	0	0	2	0
1586107456445	155.912	0.00	0	0	2	0
1586107456569	156.036	0.00	0	0	2	0
1586107456692	156.159	0.00	0	0	2	0
1586107456816	156.283	0.00	0	0	2	0
1586107456939	156.406	0.00	0	0	2	0
1586107457067	156.534	0.00	0	0	2	0
1586107457191	156.658	0.00	0	0	2	0
1586107457301	156.768	0.00	0	0	2	0
1586107457425	156.892	0.00	0	0	2	0
1586107457548	157.015	0.00	0	0	2	0
1586107457672	157.139	0.00	0	0	2	0
1586107457796	157.263	0.00	0	0	2	0
1586107457904	157.371	0.00	0	0	2	0
1586107458028	157.495	0.00	0	0	2	0
1586107458152	157.619	0.00	0	0	2	0
1586107458276	157.743	0.00	0	0	2	0
1586107458387	157.854	0.00	0	0	2	0
1586107458510	157.977	0.00	0	0	2	0
1586107458634	158.101	0.00	0	0	2	0
1586107458757	158.224	0.00	0	0	2	0
1586107458865	158.332	0.00	0	0	2	0
1586107458972	158.439	0.00	0	0	2	0
1586107459080	158.547	0.00	0	0	2	0
1586107459186	158.653	0.00	0	0	2	0
1586107459310	158.777	0.00	0	0	2	0
1586107459430	158.897	0.00	0	0	2	0
1586107459556	159.023	0.00	0	0	2	0
1586107459683	159.15	0.00	0	0	2	0
1586107459810	159.277	0.00	0	0	2	0
1586107459936	159.403	0.00	0	0	2	0
1586107460059	159.526	0.00	0	0	2	0
1586107460183	159.65	0.00	0	0	2	0
1586107460294	159.761	0.00	0	0	2	0
1586107460417	159.884	0.00	0	0	2	0
1586107460540	160.007	0.00	0	0	2	0
1586107460664	160.131	0.00	0	0	2	0
1586107460787	160.254	0.00	0	0	2	0
1586107460911	160.378	0.00	0	0	2	0
1586107461035	160.502	0.00	0	0	2	0
1586107461158	160.625	0.00	0	0	2	0
1586107461282	160.749	0.00	0	0	2	0
1586107461406	160.873	0.00	0	0	2	0
1586107461517	160.984	0.00	0	0	2	0
1586107461641	161.108	0.00	0	0	2	0
1586107461765	161.232	0.00	0	0	2	0
1586107461872	161.339	0.00	0	0	2	0
1586107461996	161.463	0.00	0	0	2	0
1586107462109	161.576	0.00	0	0	2	0
1586107462231	161.698	0.00	0	0	2	0
1586107462337	161.804	0.00	0	0	2	0
1586107462444	161.911	0.00	0	0	2	0
1586107462550	162.017	0.00	0	0	2	0
1586107462673	162.14	0.00	0	0	2	0
1586107462797	162.264	0.00	0	0	2	0
1586107462920	162.387	0.00	0	0	2	0
1586107463044	162.511	0.00	0	0	2	0
1586107463169	162.636	0.00	0	0	2	0
1586107463275	162.742	0.00	0	0	2	0
1586107463401	162.868	0.00	0	0	2	0
1586107463528	162.995	0.00	0	0	2	0
1586107463654	163.121	0.00	0	0	2	0
1586107463781	163.248	0.00	0	0	2	0
1586107463907	163.374	0.00	0	0	2	0
1586107464031	163.498	0.00	0	0	2	0
1586107464154	163.621	0.00	0	0	2	0
1586107464278	163.745	0.00	0	0	2	0
1586107464402	163.869	0.00	0	0	2	0
1586107464525	163.992	0.00	0	0	2	0
1586107464649	164.116	0.00	0	0	2	0
1586107464773	164.24	0.00	0	0	2	0
1586107464896	164.363	0.00	0	0	2	0
1586107465020	164.487	0.00	0	0	2	0
1586107465143	164.61	0.00	0	0	2	0
1586107465250	164.717	0.00	0	0	2	0
1586107465373	164.84	0.00	0	0	2	0
1586107465497	164.964	0.00	0	0	2	0
1586107465620	165.087	0.00	0	0	2	0
1586107465742	165.209	0.00	0	0	2	0
1586107465866	165.333	0.00	0	0	2	0
1586107465990	165.457	0.00	0	0	2	0
1586107466113	165.58	0.00	0	0	2	0
1586107466235	165.702	0.00	0	0	2	0
1586107466355	165.822	0.00	0	0	2	0
1586107466479	165.946	0.00	0	0	2	0
1586107466602	166.069	0.00	0	0	2	0
1586107466723	166.19	0.00	0	0	2	0
1586107466847	166.314	0.00	0	0	2	0
1586107466971	166.438	0.00	0	0	2	0
1586107467095	166.562	0.00	0	0	2	0
1586107467217	166.684	0.00	0	0	2	0
1586107467339	166.806	0.00	0	0	2	0
1586107467464	166.931	0.00	0	0	2	0
1586107467589	167.056	0.00	0	0	2	0
1586107467716	167.183	0.00	0	0	2	0
1586107467842	167.309	0.00	0	0	2	0
1586107467970	167.437	0.00	0	0	2	0
1586107468095	167.562	0.00	0	0	2	0
1586107468219	167.686	0.00	0	0	2	0
1586107468343	167.81	0.00	0	0	2	0
1586107468466	167.933	0.00	0	0	2	0
1586107468590	168.057	0.00	0	0	2	0
1586107468713	168.18	0.00	0	0	2	0
1586107468837	168.304	0.00	0	0	2	0
1586107468962	168.429	0.00	0	0	2	0
1586107469087	168.554	0.00	0	0	2	0
1586107469210	168.677	0.00	0	0	2	0
1586107469334	168.801	0.00	0	0	2	0
1586107469447	168.914	0.00	0	0	2	0
1586107469571	169.038	0.00	0	0	2	0
1586107469694	169.161	0.00	0	0	2	0
1586107469818	169.285	0.00	0	0	2	0
1586107469934	169.401	0.00	0	0	2	0
1586107470058	169.525	0.00	0	0	2	0
1586107470183	169.65	0.00	0	0	2	0
1586107470293	169.76	0.00	0	0	2	0
1586107470418	169.885	0.00	0	0	2	0
1586107470542	170.009	0.00	0	0	2	0
1586107470667	170.134	0.00	0	0	2	0
1586107470792	170.259	0.00	0	0	2	0
1586107470916	170.383	0.00	0	0	2	0
1586107471039	170.506	0.00	0	0	2	0
1586107471162	170.629	0.00	0	0	2	0
1586107471269	170.736	0.00	0	0	2	0
1586107471380	170.847	0.00	0	0	2	0
1586107471487	170.954	0.00	0	0	2	0
1586107471595	171.062	0.00	0	0	2	0
1586107471703	171.17	0.00	0	0	2	0
1586107471812	171.279	0.00	0	0	2	0
1586107471919	171.386	0.00	0	0	2	0
1586107472043	171.51	0.00	0	0	2	0
1586107472166	171.633	0.00	0	0	2	0
1586107472290	171.757	0.00	0	0	2	0
1586107472413	171.88	0.00	0	0	2	0
1586107472523	171.99	0.00	0	0	2	0
1586107472647	172.114	0.00	0	0	2	0
1586107472770	172.237	0.00	0	0	2	0
1586107472893	172.36	0.00	0	0	2	0
1586107473018	172.485	0.00	0	0	2	0
1586107473141	172.608	0.00	0	0	2	0
1586107473265	172.732	0.00	0	0	2	0
1586107473389	172.856	0.00	0	0	2	0
1586107473512	172.979	0.00	0	0	2	0
1586107473635	173.102	0.00	0	0	2	0
1586107473758	173.225	0.00	0	0	2	0
1586107473882	173.349	0.00	0	0	2	0
1586107473989	173.456	0.00	0	0	2	0
1586107474098	173.565	0.00	0	0	2	0
1586107474222	173.689	0.00	0	0	2	0
1586107474346	173.813	0.00	0	0	2	0
1586107474469	173.936	0.00	0	0	2	0
1586107474592	174.059	0.00	0	0	2	0
1586107474699	174.166	0.00	0	0	2	0
1586107474808	174.275	0.00	0	0	2	0
1586107474915	174.382	0.00	0	0	2	0
1586107475022	174.489	0.00	0	0	2	0
1586107475130	174.597	0.00	0	0	2	0
1586107475237	174.704	0.00	0	0	2	0
1586107475345	174.812	0.00	0	0	2	0
1586107475471	174.938	0.00	0	0	2	0
1586107475598	175.065	0.00	0	0	2	0
1586107475724	175.191	0.00	0	0	2	0
1586107475852	175.319	0.00	0	0	2	0
1586107475979	175.446	0.00	0	0	2	0
1586107476104	175.571	0.00	0	0	2	0
1586107476228	175.695	0.00	0	0	2	0
1586107476350	175.817	0.00	0	0	2	0
1586107476474	175.941	0.00	0	0	2	0
1586107476597	176.064	0.00	0	0	2	0
1586107476720	176.187	0.00	0	0	2	0
1586107476844	176.311	0.00	0	0	2	0
1586107476966	176.433	0.00	0	0	2	0
1586107477090	176.557	0.00	0	0	2	0
1586107477214	176.681	0.00	0	0	2	0
1586107477338	176.805	0.00	0	0	2	0
1586107477462	176.929	0.00	0	0	2	0
1586107477569	177.036	0.00	0	0	2	0
1586107477692	177.159	0.00	0	0	2	0
1586107477815	177.282	0.00	0	0	2	0
1586107477938	177.405	0.00	0	0	2	0
1586107478062	177.529	0.00	0	0	2	0
1586107478186	177.653	0.00	0	0	2	0
1586107478310	177.777	0.00	0	0	2	0
1586107478434	177.901	0.00	0	0	2	0
1586107478546	178.013	0.00	0	0	2	0
1586107478669	178.136	0.00	0	0	2	0
1586107478792	178.259	0.00	0	0	2	0
1586107478914	178.381	0.00	0	0	2	0
1586107479037	178.504	0.00	0	0	2	0
1586107479160	178.627	0.00	0	0	2	0
1586107479283	178.75	0.00	0	0	2	0
1586107479412	178.879	0.00	0	0	2	0
1586107479538	179.005	0.00	0	0	2	0
1586107479666	179.133	0.00	0	0	2	0
1586107479793	179.26	0.00	0	0	2	0
1586107479919	179.386	0.00	0	0	2	0
1586107480043	179.51	0.00	0	0	2	0
1586107480169	179.636	0.00	0	0	2	0
1586107480291	179.758	0.00	0	0	2	0
1586107480415	179.882	0.00	0	0	2	0
1586107480538	180.005	0.00	0	0	2	0
1586107480663	180.13	0.00	0	0	2	0
1586107480786	180.253	0.00	0	0	2	0
1586107480909	180.376	0.00	0	0	2	0
1586107481033	180.5	0.00	0	0	2	0
1586107481156	180.623	0.00	0	0	2	0
1586107481280	180.747	0.00	0	0	2	0
1586107481403	180.87	0.00	0	0	2	0
1586107481526	180.993	0.00	0	0	2	0
1586107481634	181.101	0.00	0	0	2	0
1586107481742	181.209	0.00	0	0	2	0
1586107481858	181.325	0.00	0	0	2	0
1586107481981	181.448	0.00	0	0	2	0
1586107482105	181.572	0.00	0	0	2	0
1586107482229	181.696	0.00	0	0	2	0
1586107482353	181.82	0.00	0	0	2	0
1586107482477	181.944	0.00	0	0	2	0
1586107482600	182.067	0.00	0	0	2	0
1586107482707	182.174	0.00	0	0	2	0
1586107482829	182.296	0.00	0	0	2	0
1586107482944	182.411	0.00	0	0	2	0
1586107483068	182.535	0.00	0	0	2	0
1586107483191	182.658	0.00	0	0	2	0
1586107483314	182.781	0.00	0	0	2	0
1586107483430	182.897	0.00	0	0	2	0
1586107483555	183.022	0.00	0	0	2	0
1586107483683	183.15	0.00	0	0	2	0
1586107483810	183.277	0.00	0	0	2	0
1586107483935	183.402	0.00	0	0	2	0
1586107484060	183.527	0.00	0	0	2	0
1586107484183	183.65	0.00	0	0	2	0
1586107484307	183.774	0.00	0	0	2	0
1586107484429	183.896	0.00	0	0	2	0
1586107484553	184.02	0.00	0	0	2	0
1586107484661	184.128	0.00	0	0	2	0
1586107484784	184.251	0.00	0	0	2	0
1586107484907	184.374	0.00	0	0	2	0
1586107485030	184.497	0.00	0	0	2	0
1586107485154	184.621	0.00	0	0	2	0
1586107485279	184.746	0.00	0	0	2	0
1586107485402	184.869	0.00	0	0	2	0
1586107485526	184.993	0.00	0	0	2	0
1586107485649	185.116	0.00	0	0	2	0
1586107485773	185.24	0.00	0	0	2	0
1586107485899	185.366	0.00	0	0	2	0
1586107486023	185.49	0.00	0	0	2	0
1586107486146	185.613	0.00	0	0	2	0
1586107486270	185.737	0.00	0	0	2	0
1586107486394	185.861	0.00	0	0	2	0
1586107486517	185.984	0.00	0	0	2	0
1586107486643	186.11	0.00	0	0	2	0
1586107486767	186.234	0.00	0	0	2	0
1586107486892	186.359	0.00	0	0	2	0
1586107487016	186.483	0.00	0	0	2	0
1586107487139	186.606	0.00	0	0	2	0
1586107487262	186.729	0.00	0	0	2	0
1586107487389	186.856	0.00	0	0	2	0
1586107487515	186.982	0.00	0	0	2	0
1586107487641	187.108	0.00	0	0	2	0
1586107487768	187.235	0.00	0	0	2	0
1586107487896	187.363	0.00	0	0	2	0
1586107488024	187.491	0.00	0	0	2	0
1586107488148	187.615	0.00	0	0	2	0
1586107488272	187.739	0.00	0	0	2	0
1586107488397	187.864	0.00	0	0	2	0
1586107488521	187.988	0.00	0	0	2	0
1586107488644	188.111	0.00	0	0	2	0
1586107488756	188.223	0.00	0	0	2	0
1586107488880	188.347	0.00	0	0	2	0
1586107489003	188.47	0.00	0	0	2	0
1586107489127	188.594	0.00	0	0	2	0
1586107489250	188.717	0.00	0	0	2	0
1586107489374	188.841	0.00	0	0	2	0
1586107489498	188.965	0.00	0	0	2	0
1586107489622	189.089	0.00	0	0	2	0
1586107489760	189.227	0.00	0	0	2	0
1586107489884	189.351	0.00	0	0	2	0
